UsuarioID,Usuario,DepartamentoID
1,João Silva,7
2,Maria Santos,4
3,Pedro Almeida,8
4,Ana Martins,5
5,Lucas Oliveira,7
6,Gabriel Pereira,10
7,Julia Rodrigues,3
8,Beatriz Souza,7
9,Rafael Costa,8
10,Larissa Ferreira,5
11,Carlos Silva,4
12,Mariana Santos,8
13,Bruno Almeida,8
14,Fernanda Martins,3
15,Felipe Oliveira,6
16,Camila Pereira,5
17,Gustavo Rodrigues,2
18,Amanda Souza,8
19,Daniel Costa,6
20,Isabela Ferreira,2
21,João Silva,5
22,Maria Santos,1
23,Pedro Almeida,10
24,Ana Martins,6
25,Lucas Oliveira,9
26,Gabriel Pereira,1
27,Julia Rodrigues,10
28,Beatriz Souza,3
29,Rafael Costa,7
30,Larissa Ferreira,4
31,Carlos Silva,9
32,Mariana Santos,3
33,Bruno Almeida,5
34,Fernanda Martins,3
35,Felipe Oliveira,7
36,Camila Pereira,5
37,Gustavo Rodrigues,9
38,Amanda Souza,7
39,Daniel Costa,2
40,Isabela Ferreira,4
41,João Silva,9
42,Maria Santos,2
43,Pedro Almeida,10
44,Ana Martins,9
45,Lucas Oliveira,10
46,Gabriel Pereira,5
47,Julia Rodrigues,2
48,Beatriz Souza,4
49,Rafael Costa,7
50,Larissa Ferreira,8
51,Carlos Silva,3
52,Mariana Santos,1
53,Bruno Almeida,4
54,Fernanda Martins,2
55,Felipe Oliveira,8
56,Camila Pereira,4
57,Gustavo Rodrigues,2
58,Amanda Souza,6
59,Daniel Costa,6
60,Isabela Ferreira,10
61,João Silva,4
62,Maria Santos,6
63,Pedro Almeida,2
64,Ana Martins,10
65,Lucas Oliveira,2
66,Gabriel Pereira,10
67,Julia Rodrigues,4
68,Beatriz Souza,8
69,Rafael Costa,7
70,Larissa Ferreira,9
71,Carlos Silva,8
72,Mariana Santos,5
73,Bruno Almeida,2
74,Fernanda Martins,5
75,Felipe Oliveira,8
76,Camila Pereira,10
77,Gustavo Rodrigues,9
78,Amanda Souza,9
79,Daniel Costa,1
80,Isabela Ferreira,9
81,João Silva,7
82,Maria Santos,9
83,Pedro Almeida,8
84,Ana Martins,1
85,Lucas Oliveira,8
86,Gabriel Pereira,8
87,Julia Rodrigues,3
88,Beatriz Souza,1
89,Rafael Costa,8
90,Larissa Ferreira,3
91,Carlos Silva,3
92,Mariana Santos,1
93,Bruno Almeida,5
94,Fernanda Martins,10
95,Felipe Oliveira,7
96,Camila Pereira,10
97,Gustavo Rodrigues,9
98,Amanda Souza,7
99,Daniel Costa,9
100,Isabela Ferreira,8
101,João Silva,2
102,Maria Santos,1
103,Pedro Almeida,7
104,Ana Martins,7
105,Lucas Oliveira,8
106,Gabriel Pereira,5
107,Julia Rodrigues,3
108,Beatriz Souza,8
109,Rafael Costa,6
110,Larissa Ferreira,3
111,Carlos Silva,1
112,Mariana Santos,3
113,Bruno Almeida,5
114,Fernanda Martins,3
115,Felipe Oliveira,1
116,Camila Pereira,5
117,Gustavo Rodrigues,10
118,Amanda Souza,7
119,Daniel Costa,7
120,Isabela Ferreira,9
121,João Silva,10
122,Maria Santos,10
123,Pedro Almeida,3
124,Ana Martins,7
125,Lucas Oliveira,1
126,Gabriel Pereira,4
127,Julia Rodrigues,4
128,Beatriz Souza,5
129,Rafael Costa,7
130,Larissa Ferreira,7
131,Carlos Silva,4
132,Mariana Santos,7
133,Bruno Almeida,3
134,Fernanda Martins,6
135,Felipe Oliveira,2
136,Camila Pereira,10
137,Gustavo Rodrigues,9
138,Amanda Souza,5
139,Daniel Costa,6
140,Isabela Ferreira,4
141,João Silva,10
142,Maria Santos,7
143,Pedro Almeida,9
144,Ana Martins,7
145,Lucas Oliveira,1
146,Gabriel Pereira,1
147,Julia Rodrigues,9
148,Beatriz Souza,9
149,Rafael Costa,4
150,Larissa Ferreira,9
151,Carlos Silva,3
152,Mariana Santos,7
153,Bruno Almeida,6
154,Fernanda Martins,8
155,Felipe Oliveira,9
156,Camila Pereira,5
157,Gustavo Rodrigues,1
158,Amanda Souza,3
159,Daniel Costa,10
160,Isabela Ferreira,8
161,João Silva,6
162,Maria Santos,8
163,Pedro Almeida,9
164,Ana Martins,4
165,Lucas Oliveira,1
166,Gabriel Pereira,1
167,Julia Rodrigues,10
168,Beatriz Souza,4
169,Rafael Costa,7
170,Larissa Ferreira,2
171,Carlos Silva,3
172,Mariana Santos,1
173,Bruno Almeida,5
174,Fernanda Martins,1
175,Felipe Oliveira,8
176,Camila Pereira,1
177,Gustavo Rodrigues,1
178,Amanda Souza,2
179,Daniel Costa,2
180,Isabela Ferreira,6
181,João Silva,7
182,Maria Santos,5
183,Pedro Almeida,1
184,Ana Martins,1
185,Lucas Oliveira,3
186,Gabriel Pereira,2
187,Julia Rodrigues,5
188,Beatriz Souza,10
189,Rafael Costa,6
190,Larissa Ferreira,7
191,Carlos Silva,4
192,Mariana Santos,7
193,Bruno Almeida,8
194,Fernanda Martins,1
195,Felipe Oliveira,6
196,Camila Pereira,8
197,Gustavo Rodrigues,5
198,Amanda Souza,4
199,Daniel Costa,2
200,Isabela Ferreira,6
201,João Silva,6
202,Maria Santos,1
203,Pedro Almeida,9
204,Ana Martins,6
205,Lucas Oliveira,3
206,Gabriel Pereira,4
207,Julia Rodrigues,4
208,Beatriz Souza,3
209,Rafael Costa,10
210,Larissa Ferreira,3
211,Carlos Silva,3
212,Mariana Santos,4
213,Bruno Almeida,7
214,Fernanda Martins,4
215,Felipe Oliveira,9
216,Camila Pereira,1
217,Gustavo Rodrigues,8
218,Amanda Souza,7
219,Daniel Costa,2
220,Isabela Ferreira,8
221,João Silva,1
222,Maria Santos,9
223,Pedro Almeida,9
224,Ana Martins,2
225,Lucas Oliveira,7
226,Gabriel Pereira,10
227,Julia Rodrigues,3
228,Beatriz Souza,7
229,Rafael Costa,10
230,Larissa Ferreira,9
231,Carlos Silva,4
232,Mariana Santos,1
233,Bruno Almeida,2
234,Fernanda Martins,1
235,Felipe Oliveira,5
236,Camila Pereira,5
237,Gustavo Rodrigues,7
238,Amanda Souza,9
239,Daniel Costa,9
240,Isabela Ferreira,3
241,João Silva,3
242,Maria Santos,3
243,Pedro Almeida,4
244,Ana Martins,8
245,Lucas Oliveira,6
246,Gabriel Pereira,8
247,Julia Rodrigues,1
248,Beatriz Souza,8
249,Rafael Costa,4
250,Larissa Ferreira,1
